,precision,recall,f1-score,support
0,0.9724218708406538,0.9980874316939891,0.985087506404552,18300.0
1,0.971240755957272,0.6952941176470588,0.8104216660953034,1700.0
accuracy,0.97235,0.97235,0.97235,0.97235
macro avg,0.9718313133989629,0.8466907746705239,0.8977545862499277,20000.0
weighted avg,0.9723214760755662,0.97235,0.9702409099782658,20000.0
