,precision,recall,f1-score,support
0,0.96733037954412,0.9902185792349727,0.9786406718332298,18300.0
1,0.8587213891081295,0.64,0.7334007414897202,1700.0
accuracy,0.96045,0.96045,0.96045,0.96045
macro avg,0.9130258843261247,0.8151092896174863,0.856020706661475,20000.0
weighted avg,0.958098615357061,0.96045,0.9577952777540315,20000.0
